design_id,heavy_mutations,light_mutations,combined_mutation,n_heavy_mutations,n_light_mutations,constraint_check,near_adjacent_pairs_pos_delta_le_2,experimental_rationale,swiss_model_template,swiss_model_status,pisa_status,interface_area_A2,delta_iG_kcal_per_mol
BCMA-C01,S31D/F35Y/P63A/K66R/D101E/V104T,G159V/K166Q/D188M/S229T/H232T,S31D/F35Y/P63A/K66R/D101E/V104T/G159V/K166Q/D188M/S229T/H232T:WT,6,5,passes user constraints,none,retains experimentally favorable P63A/K66R/V104T-containing heavy motif; retains light-chain motif present in best observed multi-mutant trend; tests S229T only in combinations that also include supportive G159V/D188M or H232T context; uses K166Q rather than experimentally detrimental K166R-containing patterns,relaxed_teclistamab_bcma.pdb,pending_external_online_run_custom_template_upload,pending_external_online_run_after_model_download,,
BCMA-C02,S31D/F35Y/P63A/K66R/G102A/V104T,G159V/K166Q/D188M/S229T/H232T,S31D/F35Y/P63A/K66R/G102A/V104T/G159V/K166Q/D188M/S229T/H232T:WT,6,5,passes user constraints,102-104,retains experimentally favorable P63A/K66R/V104T-containing heavy motif; retains light-chain motif present in best observed multi-mutant trend; tests S229T only in combinations that also include supportive G159V/D188M or H232T context; uses K166Q rather than experimentally detrimental K166R-containing patterns,relaxed_teclistamab_bcma.pdb,pending_external_online_run_custom_template_upload,pending_external_online_run_after_model_download,,
BCMA-C03,S31D/F35Y/I58W/K66R/D101E/V104T,G159V/K166Q/D188M/S229T/H232T,S31D/F35Y/I58W/K66R/D101E/V104T/G159V/K166Q/D188M/S229T/H232T:WT,6,5,passes user constraints,none,retains light-chain motif present in best observed multi-mutant trend; tests S229T only in combinations that also include supportive G159V/D188M or H232T context; uses K166Q rather than experimentally detrimental K166R-containing patterns,relaxed_teclistamab_bcma.pdb,pending_external_online_run_custom_template_upload,pending_external_online_run_after_model_download,,
BCMA-C04,S31D/F35Y/I58W/P63A/D101E/V104T,G159V/K166Q/D188M/S229T/H232T,S31D/F35Y/I58W/P63A/D101E/V104T/G159V/K166Q/D188M/S229T/H232T:WT,6,5,passes user constraints,none,retains light-chain motif present in best observed multi-mutant trend; tests S229T only in combinations that also include supportive G159V/D188M or H232T context; uses K166Q rather than experimentally detrimental K166R-containing patterns,relaxed_teclistamab_bcma.pdb,pending_external_online_run_custom_template_upload,pending_external_online_run_after_model_download,,
BCMA-C05,S31D/F35Y/P63A/K66R/D101E/V104T,G159V/S167G/D188M/S229T/H232T,S31D/F35Y/P63A/K66R/D101E/V104T/G159V/S167G/D188M/S229T/H232T:WT,6,5,passes user constraints,none,retains experimentally favorable P63A/K66R/V104T-containing heavy motif; retains light-chain motif present in best observed multi-mutant trend; tests S229T only in combinations that also include supportive G159V/D188M or H232T context,relaxed_teclistamab_bcma.pdb,pending_external_online_run_custom_template_upload,pending_external_online_run_after_model_download,,
BCMA-C06,S31D/F35Y/P63A/K66R/G102A/V104T,G159V/S167G/D188M/S229T/H232T,S31D/F35Y/P63A/K66R/G102A/V104T/G159V/S167G/D188M/S229T/H232T:WT,6,5,passes user constraints,102-104,retains experimentally favorable P63A/K66R/V104T-containing heavy motif; retains light-chain motif present in best observed multi-mutant trend; tests S229T only in combinations that also include supportive G159V/D188M or H232T context,relaxed_teclistamab_bcma.pdb,pending_external_online_run_custom_template_upload,pending_external_online_run_after_model_download,,
BCMA-C07,S31D/F35Y/I58W/K66R/G102A/V104T,G159V/K166Q/D188M/S229T/H232T,S31D/F35Y/I58W/K66R/G102A/V104T/G159V/K166Q/D188M/S229T/H232T:WT,6,5,passes user constraints,102-104,retains light-chain motif present in best observed multi-mutant trend; tests S229T only in combinations that also include supportive G159V/D188M or H232T context; uses K166Q rather than experimentally detrimental K166R-containing patterns,relaxed_teclistamab_bcma.pdb,pending_external_online_run_custom_template_upload,pending_external_online_run_after_model_download,,
BCMA-C08,S31D/F35Y/I58W/P63A/G102A/V104T,G159V/K166Q/D188M/S229T/H232T,S31D/F35Y/I58W/P63A/G102A/V104T/G159V/K166Q/D188M/S229T/H232T:WT,6,5,passes user constraints,102-104,retains light-chain motif present in best observed multi-mutant trend; tests S229T only in combinations that also include supportive G159V/D188M or H232T context; uses K166Q rather than experimentally detrimental K166R-containing patterns,relaxed_teclistamab_bcma.pdb,pending_external_online_run_custom_template_upload,pending_external_online_run_after_model_download,,
BCMA-C09,S31D/F35Y/P63A/K66R/D101E/V104T,G159V/K166Q/S187N/S229T/H232T,S31D/F35Y/P63A/K66R/D101E/V104T/G159V/K166Q/S187N/S229T/H232T:WT,6,5,passes user constraints,none,retains experimentally favorable P63A/K66R/V104T-containing heavy motif; tests S229T only in combinations that also include supportive G159V/D188M or H232T context; uses K166Q rather than experimentally detrimental K166R-containing patterns,relaxed_teclistamab_bcma.pdb,pending_external_online_run_custom_template_upload,pending_external_online_run_after_model_download,,
BCMA-C10,S31D/F35Y/P63A/K66R/G102A/V104T,G159V/K166Q/S187N/S229T/H232T,S31D/F35Y/P63A/K66R/G102A/V104T/G159V/K166Q/S187N/S229T/H232T:WT,6,5,passes user constraints,102-104,retains experimentally favorable P63A/K66R/V104T-containing heavy motif; tests S229T only in combinations that also include supportive G159V/D188M or H232T context; uses K166Q rather than experimentally detrimental K166R-containing patterns,relaxed_teclistamab_bcma.pdb,pending_external_online_run_custom_template_upload,pending_external_online_run_after_model_download,,
BCMA-C11,S31D/F35Y/I58W/K66R/D101E/V104T,G159V/K166Q/S187N/S229T/H232T,S31D/F35Y/I58W/K66R/D101E/V104T/G159V/K166Q/S187N/S229T/H232T:WT,6,5,passes user constraints,none,tests S229T only in combinations that also include supportive G159V/D188M or H232T context; uses K166Q rather than experimentally detrimental K166R-containing patterns,relaxed_teclistamab_bcma.pdb,pending_external_online_run_custom_template_upload,pending_external_online_run_after_model_download,,
BCMA-C12,S31D/F35Y/I58W/P63A/D101E/V104T,G159V/K166Q/S187N/S229T/H232T,S31D/F35Y/I58W/P63A/D101E/V104T/G159V/K166Q/S187N/S229T/H232T:WT,6,5,passes user constraints,none,tests S229T only in combinations that also include supportive G159V/D188M or H232T context; uses K166Q rather than experimentally detrimental K166R-containing patterns,relaxed_teclistamab_bcma.pdb,pending_external_online_run_custom_template_upload,pending_external_online_run_after_model_download,,
BCMA-C13,S31D/F35Y/P63A/K66R/D101E/V104T,G159V/K166Q/D188M/S230N/V233L,S31D/F35Y/P63A/K66R/D101E/V104T/G159V/K166Q/D188M/S230N/V233L:WT,6,5,passes user constraints,none,retains experimentally favorable P63A/K66R/V104T-containing heavy motif; uses K166Q rather than experimentally detrimental K166R-containing patterns,relaxed_teclistamab_bcma.pdb,pending_external_online_run_custom_template_upload,pending_external_online_run_after_model_download,,
BCMA-C14,S31D/F35Y/P63A/K66R/G102A/V104T,G159V/K166Q/D188M/S230N/V233L,S31D/F35Y/P63A/K66R/G102A/V104T/G159V/K166Q/D188M/S230N/V233L:WT,6,5,passes user constraints,102-104,retains experimentally favorable P63A/K66R/V104T-containing heavy motif; uses K166Q rather than experimentally detrimental K166R-containing patterns,relaxed_teclistamab_bcma.pdb,pending_external_online_run_custom_template_upload,pending_external_online_run_after_model_download,,
BCMA-C15,S31D/F35Y/I58W/K66R/D101E/V104T,G159V/K166Q/D188M/S230N/V233L,S31D/F35Y/I58W/K66R/D101E/V104T/G159V/K166Q/D188M/S230N/V233L:WT,6,5,passes user constraints,none,uses K166Q rather than experimentally detrimental K166R-containing patterns,relaxed_teclistamab_bcma.pdb,pending_external_online_run_custom_template_upload,pending_external_online_run_after_model_download,,
BCMA-C16,S31D/F35Y/I58W/P63A/D101E/V104T,G159V/K166Q/D188M/S230N/V233L,S31D/F35Y/I58W/P63A/D101E/V104T/G159V/K166Q/D188M/S230N/V233L:WT,6,5,passes user constraints,none,uses K166Q rather than experimentally detrimental K166R-containing patterns,relaxed_teclistamab_bcma.pdb,pending_external_online_run_custom_template_upload,pending_external_online_run_after_model_download,,
BCMA-C17,S31D/F35Y/P63A/K66R/D101E/V104T,G159V/S167G/S187N/S229T/H232T,S31D/F35Y/P63A/K66R/D101E/V104T/G159V/S167G/S187N/S229T/H232T:WT,6,5,passes user constraints,none,retains experimentally favorable P63A/K66R/V104T-containing heavy motif; tests S229T only in combinations that also include supportive G159V/D188M or H232T context,relaxed_teclistamab_bcma.pdb,pending_external_online_run_custom_template_upload,pending_external_online_run_after_model_download,,
BCMA-C18,S31D/F35Y/P63A/K66R/G102A/V104T,G159V/S167G/S187N/S229T/H232T,S31D/F35Y/P63A/K66R/G102A/V104T/G159V/S167G/S187N/S229T/H232T:WT,6,5,passes user constraints,102-104,retains experimentally favorable P63A/K66R/V104T-containing heavy motif; tests S229T only in combinations that also include supportive G159V/D188M or H232T context,relaxed_teclistamab_bcma.pdb,pending_external_online_run_custom_template_upload,pending_external_online_run_after_model_download,,
BCMA-C19,S31D/F35Y/I58W/K66R/G102A/V104T,G159V/S167G/D188M/S230N/V233L,S31D/F35Y/I58W/K66R/G102A/V104T/G159V/S167G/D188M/S230N/V233L:WT,6,5,passes user constraints,102-104,diversifies CDR coverage while remaining in the 17-site candidate set,relaxed_teclistamab_bcma.pdb,pending_external_online_run_custom_template_upload,pending_external_online_run_after_model_download,,
BCMA-C20,S31D/F35Y/I58W/P63A/G102A/V104T,G159V/S167G/D188M/S230N/V233L,S31D/F35Y/I58W/P63A/G102A/V104T/G159V/S167G/D188M/S230N/V233L:WT,6,5,passes user constraints,102-104,diversifies CDR coverage while remaining in the 17-site candidate set,relaxed_teclistamab_bcma.pdb,pending_external_online_run_custom_template_upload,pending_external_online_run_after_model_download,,
