mutation,property_value
WT:WT,1
K166R/D186E/Q224N:WT,0.006
K166R/Q224N:WT,0.34
G159S/D186E/Q224N:WT,0.003
K166R/D186E:WT,0.007
N161T/R189K/S229T:WT,0.400
K166R/D186E/D227E:WT,0.13
S31T/L65I/K66R:WT,0.678
L65I/K66R:WT,0.651
S31T/S52T/K66R:WT,0.051
G37A/S56N/D109E:WT,0.008
P63S/S67T:WT,0.568
G37S/S67T/V104T:WT,0.890
S31D/P63A/K66R:WT,0.634
G37S/K66R/D109E:WT,0.076
S64G/K66R/S67A:WT,0.630
G37S/P63A/K66R/V104T:WT,1.128
S31D/P63A/K66R/V104T:WT,1.028
G37S/K66R/S67T/V104T:WT,1.017
S31D/P63A/K66R/D109N:WT,0.005
S31D/P63A/K66R/G106S:WT,0.006
G37S/K66R/S67T/H100V:WT,0.008
G37S/P63A/K66R/H100M:WT,0.007
G37S/P63A/K66R/H100V:WT,0.238
G37S/S67T/V104T/G159V/D188M/S229T:WT,1.123
G37S/S67T/V104T/G160S/D188M/S229G:WT,1.102
G37S/K66R/S67T/H100V/G159V/D188M/S229T:WT,0.006
G37S/K66R/S67T/H100V/G160S/D188M/S229G:WT,0.002
S31D/P63A/K66R/V104T/G159V/R189K/S229T:WT,1.021
S31D/P63A/K66R/V104T/G159V/D188M/H232T:WT,1.268
G37S/P63A/K66R/H100M/G159V/R189K/S229T:WT,0.043
G37S/P63A/K66R/H100M/G160S/D188M/H232T:WT,0.001